Word,Level
African-American,16
administration,14
responsibility,14
representative,14
characteristic,14
transportation,14
interpretation,14
constitutional,14
recommendation,14
representation,14
discrimination,14
identification,14
transformation,14
administrative,14
implementation,14
infrastructure,14
simultaneously,14
accomplishment,14
organizational,14
disappointment,14
rehabilitation,14
accountability,14
international,13
environmental,13
investigation,13
communication,13
understanding,13
significantly,13
unfortunately,13
participation,13
congressional,13
entertainment,13
psychological,13
approximately,13
administrator,13
consideration,13
extraordinary,13
concentration,13
establishment,13
comprehensive,13
correspondent,13
sophisticated,13
controversial,13
demonstration,13
manufacturing,13
institutional,13
consciousness,13
effectiveness,13
questionnaire,13
uncomfortable,13
traditionally,13
technological,13
determination,13
automatically,13
revolutionary,13
collaboration,13
instructional,13
unprecedented,13
confrontation,13
developmental,13
philosophical,13
old-fashioned,13
undergraduate,13
substantially,13
relationship,12
organization,12
particularly,12
professional,12
neighborhood,12
conversation,12
construction,12
intelligence,12
increasingly,12
presidential,12
contribution,12
circumstance,12
conservative,12
intervention,12
contemporary,12
specifically,12
manufacturer,12
investigator,12
independence,12
championship,12
distribution,12
occasionally,12
conventional,12
nevertheless,12
satisfaction,12
considerable,12
intellectual,12
headquarters,12
characterize,12
presentation,12
introduction,12
significance,12
psychologist,12
photographer,12
agricultural,12
successfully,12
prescription,12
dramatically,12
surprisingly,12
experimental,12
unemployment,12
civilization,12
architecture,12
overwhelming,12
consistently,12
announcement,12
transmission,12
respectively,12
compensation,12
historically,12
carbohydrate,12
disappointed,12
refrigerator,12
productivity,12
practitioner,12
entrepreneur,12
Christianity,12
metropolitan,12
appreciation,12
commissioner,12
consequently,12
conservation,12
installation,12
constitution,12
Thanksgiving,12
deliberately,12
considerably,12
jurisdiction,12
availability,12
surveillance,12
economically,12
information,11
development,11
opportunity,11
performance,11
significant,11
environment,11
traditional,11
institution,11
interesting,11
participant,11
immediately,11
possibility,11
independent,11
competition,11
responsible,11
demonstrate,11
perspective,11
participate,11
appropriate,11
application,11
instruction,11
educational,11
temperature,11
consequence,11
acknowledge,11
comfortable,11
investigate,11
combination,11
requirement,11
expectation,11
improvement,11
necessarily,11
legislation,11
achievement,11
explanation,11
alternative,11
interaction,11
personality,11
association,11
observation,11
description,11
negotiation,11
essentially,11
enforcement,11
competitive,11
involvement,11
fundamental,11
arrangement,11
concentrate,11
engineering,11
immigration,11
implication,11
recognition,11
publication,11
grandmother,11
preparation,11
Palestinian,11
substantial,11
effectively,11
incorporate,11
corporation,11
advertising,11
cooperation,11
communicate,11
destruction,11
electricity,11
complicated,11
potentially,11
politically,11
controversy,11
imagination,11
partnership,11
distinction,11
grandfather,11
celebration,11
composition,11
appointment,11
scholarship,11
reservation,11
maintenance,11
examination,11
cholesterol,11
restriction,11
differently,11
consumption,11
orientation,11
furthermore,11
measurement,11
frustration,11
distinguish,11
nonetheless,11
quarterback,11
anniversary,11
correlation,11
legislative,11
integration,11
prosecution,11
replacement,11
intelligent,11
accommodate,11
uncertainty,11
health-care,11
theoretical,11
transaction,11
counterpart,11
residential,11
businessman,11
acquisition,11
destination,11
exploration,11
practically,11
photography,11
outstanding,11
credibility,11
inspiration,11
agriculture,11
willingness,11
spectacular,11
reliability,11
fascinating,11
coordinator,11
ideological,11
documentary,11
progressive,11
self-esteem,11
cooperative,11
mathematics,11
influential,11
translation,11
statistical,11
fortunately,11
flexibility,11
experienced,11
legislature,11
encouraging,11
surrounding,11
preliminary,11
speculation,11
desperately,11
sensitivity,11
exclusively,11
marketplace,11
embarrassed,11
demographic,11
programming,11
shareholder,11
calculation,11
emotionally,11
grandparent,11
supermarket,11
distinctive,11
theological,11
contemplate,11
devastating,11
neighboring,11
consecutive,11
citizenship,11
sovereignty,11
contributor,11
importantly,11
electronics,11
convenience,11
sustainable,11
government,10
understand,10
everything,10
experience,10
themselves,10
difference,10
especially,10
technology,10
Republican,10
population,10
individual,10
television,10
democratic,10
management,10
particular,10
production,10
conference,10
throughout,10
generation,10
commercial,10
investment,10
discussion,10
collection,10
successful,10
eventually,10
restaurant,10
absolutely,10
completely,10
researcher,10
department,10
university,10
interested,10
leadership,10
contribute,10
protection,10
additional,10
background,10
apparently,10
connection,10
relatively,10
historical,10
expression,10
literature,10
assessment,10
importance,10
scientific,10
impossible,10
instrument,10
commitment,10
photograph,10
conclusion,10
regulation,10
appearance,10
difficulty,10
appreciate,10
ultimately,10
politician,10
percentage,10
basketball,10
frequently,10
perception,10
confidence,10
opposition,10
industrial,10
everywhere,10
resolution,10
experiment,10
definitely,10
curriculum,10
assistance,10
depression,10
journalist,10
definition,10
prosecutor,10
initiative,10
comparison,10
settlement,10
transition,10
atmosphere,10
consistent,10
resistance,10
philosophy,10
foundation,10
discipline,10
previously,10
accomplish,10
illustrate,10
evaluation,10
increasing,10
commission,10
tablespoon,10
electronic,10
reputation,10
retirement,10
phenomenon,10
convention,10
exhibition,10
consultant,10
constantly,10
enterprise,10
suggestion,10
reasonable,10
elementary,10
aggressive,10
employment,10
impression,10
respondent,10
specialist,10
disability,10
biological,10
ingredient,10
assumption,10
developing,10
personally,10
remarkable,10
statistics,10
reflection,10
revolution,10
tournament,10
tremendous,10
surprising,10
attractive,10
originally,10
profession,10
constitute,10
regardless,10
distribute,10
vulnerable,10
capability,10
psychology,10
obligation,10
limitation,10
preference,10
incredible,10
friendship,10
efficiency,10
proportion,10
conviction,10
strengthen,10
membership,10
sufficient,10
helicopter,10
punishment,10
girlfriend,10
adjustment,10
motivation,10
assignment,10
laboratory,10
medication,10
anticipate,10
legitimate,10
instructor,10
nomination,10
permission,10
physically,10
repeatedly,10
impressive,10
competitor,10
subsequent,10
widespread,10
occupation,10
collective,10
indication,10
hypothesis,10
adolescent,10
concerning,10
counseling,10
acceptable,10
continuous,10
presidency,10
acceptance,10
excitement,10
occasional,10
allegation,10
mainstream,10
inevitable,10
unexpected,10
facilitate,10
inspection,10
supervisor,10
possession,10
prediction,10
continuing,10
innovation,10
administer,10
indigenous,10
separation,10
enthusiasm,10
wilderness,10
mechanical,10
astronomer,10
corruption,10
contractor,10
compromise,10
behavioral,10
complexity,10
meaningful,10
electrical,10
attraction,10
altogether,10
engagement,10
structural,10
accounting,10
regulatory,10
diplomatic,10
prevention,10
productive,10
popularity,10
automobile,10
artificial,10
processing,10
ridiculous,10
invitation,10
officially,10
mysterious,10
protective,10
specialize,10
associated,10
withdrawal,10
thoroughly,10
optimistic,10
bankruptcy,10
revelation,10
discourage,10
conspiracy,10
functional,10
manipulate,10
earthquake,10
creativity,10
underlying,10
incredibly,10
presumably,10
equivalent,10
short-term,10
accessible,10
grandchild,10
reportedly,10
well-known,10
ecological,10
attendance,10
innovative,10
ambassador,10
supportive,10
aggression,10
journalism,10
well-being,10
compliance,10
supposedly,10
two-thirds,10
harassment,10
likelihood,10
suspicious,10
wheelchair,10
legislator,10
conception,10
comparable,10
conscience,10
inevitably,10
constraint,10
expedition,10
similarity,10
conversion,10
projection,10
graduation,10
integrated,10
ironically,10
confession,10
disturbing,10
technician,10
coordinate,10
articulate,10
accusation,10
straighten,10
compelling,10
accurately,10
missionary,10
accelerate,10
nationwide,10
something,9
different,9
important,9
political,9
community,9
president,9
education,9
including,9
sometimes,9
according,9
situation,9
attention,9
difficult,9
available,9
condition,9
certainly,9
represent,9
treatment,9
determine,9
recognize,9
character,9
everybody,9
professor,9
operation,9
financial,9
authority,9
knowledge,9
executive,9
religious,9
establish,9
statement,9
direction,9
interview,9
structure,9
candidate,9
necessary,9
challenge,9
beautiful,9
scientist,9
agreement,9
newspaper,9
concerned,9
effective,9
therefore,9
encourage,9
afternoon,9
insurance,9
beginning,9
generally,9
introduce,9
tradition,9
potential,9
Christian,9
apartment,9
obviously,9
advantage,9
technique,9
principle,9
equipment,9
associate,9
Christmas,9
procedure,9
influence,9
wonderful,9
committee,9
dangerous,9
following,9
classroom,9
democracy,9
yesterday,9
colleague,9
otherwise,9
disappear,9
corporate,9
somewhere,9
carefully,9
emotional,9
expensive,9
recommend,9
basically,9
currently,9
emergency,9
extremely,9
component,9
long-term,9
ourselves,9
landscape,9
eliminate,9
meanwhile,9
telephone,9
reference,9
seriously,9
surprised,9
vegetable,9
essential,9
household,9
increased,9
emphasize,9
secretary,9
typically,9
celebrate,9
physician,9
virtually,9
technical,9
immigrant,9
passenger,9
criticism,9
spiritual,9
childhood,9
cigarette,9
excellent,9
selection,9
primarily,9
regarding,9
remaining,9
territory,9
immediate,9
transform,9
existence,9
discovery,9
coalition,9
reduction,9
substance,9
elsewhere,9
practical,9
volunteer,9
implement,9
marketing,9
complaint,9
commander,9
breakfast,9
so-called,9
exception,9
objective,9
dimension,9
personnel,9
perfectly,9
supporter,9
accompany,9
gentleman,9
permanent,9
literally,9
construct,9
sensitive,9
intention,9
diversity,9
historian,9
negotiate,9
criticize,9
precisely,9
terrorism,9
provision,9
satellite,9
chocolate,9
universal,9
testimony,9
furniture,9
mechanism,9
infection,9
strategic,9
assistant,9
encounter,9
initially,9
spokesman,9
incentive,9
translate,9
expansion,9
telescope,9
interpret,9
guarantee,9
awareness,9
similarly,9
naturally,9
regularly,9
terrorist,9
extensive,9
adventure,9
confident,9
violation,9
defensive,9
prominent,9
pollution,9
variation,9
evolution,9
celebrity,9
gradually,9
stability,9
framework,9
depending,9
counselor,9
economist,9
efficient,9
frequency,9
explosion,9
admission,9
calculate,9
formation,9
guideline,9
publisher,9
desperate,9
lifestyle,9
narrative,9
principal,9
temporary,9
brilliant,9
offensive,9
economics,9
extension,9
inflation,9
dependent,9
operating,9
discourse,9
continued,9
intensity,9
consensus,9
recording,9
pregnancy,9
reinforce,9
confusion,9
cognitive,9
attribute,9
defendant,9
container,9
architect,9
highlight,9
boyfriend,9
northwest,9
interrupt,9
sculpture,9
integrate,9
secondary,9
integrity,9
classical,9
estimated,9
developer,9
seemingly,9
inspector,9
companion,9
southwest,9
recession,9
ownership,9
nightmare,9
diagnosis,9
privilege,9
broadcast,9
radiation,9
amendment,9
undermine,9
southeast,9
convinced,9
apologize,9
exclusive,9
suspicion,9
residence,9
signature,9
promotion,9
detective,9
portfolio,9
invisible,9
identical,9
nonprofit,9
promising,9
conscious,9
departure,9
happiness,9
reporting,9
indicator,9
reluctant,9
expertise,9
therapist,9
recipient,9
suffering,9
full-time,9
reception,9
necessity,9
performer,9
inventory,9
magnitude,9
collector,9
realistic,9
gathering,9
hopefully,9
cooperate,9
continent,9
undertake,9
automatic,9
sentiment,9
sacrifice,9
northeast,9
liability,9
courtroom,9
instantly,9
afterward,9
alongside,9
execution,9
fisherman,9
isolation,9
workplace,9
touchdown,9
ambitious,9
uncertain,9
aesthetic,9
anonymous,9
franchise,9
correctly,9
sensation,9
partially,9
placement,9
columnist,9
interfere,9
stimulate,9
worldwide,9
depressed,9
migration,9
breathing,9
hurricane,9
curiosity,9
perceived,9
publicity,9
ecosystem,9
specialty,9
lightning,9
excessive,9
high-tech,9
commodity,9
processor,9
elaborate,9
transport,9
allegedly,9
mortality,9
municipal,9
tolerance,9
screening,9
voluntary,9
privately,9
threshold,9
routinely,9
regulator,9
objection,9
chemistry,9
overnight,9
fantastic,9
policeman,9
authorize,9
sexuality,9
invention,9
favorable,9
youngster,9
overwhelm,9
one-third,9
speculate,9
frustrate,9
biography,9
twentieth,9
foreigner,9
organized,9
warehouse,9
butterfly,9
American,8
question,8
national,8
business,8
continue,8
together,8
anything,8
research,8
although,8
remember,8
consider,8
actually,8
probably,8
interest,8
economic,8
possible,8
military,8
decision,8
building,8
director,8
position,8
official,8
everyone,8
activity,8
industry,8
practice,8
describe,8
personal,8
computer,8
evidence,8
daughter,8
Congress,8
campaign,8
material,8
hospital,8
thousand,8
increase,8
security,8
behavior,8
recently,8
movement,8
language,8
response,8
approach,8
pressure,8
resource,8
identify,8
whatever,8
indicate,8
training,8
election,8
physical,8
standard,8
analysis,8
strategy,8
Democrat,8
yourself,8
maintain,8
employee,8
cultural,8
politics,8
suddenly,8
discover,8
specific,8
shoulder,8
property,8
somebody,8
magazine,8
marriage,8
violence,8
positive,8
consumer,8
painting,8
attorney,8
audience,8
majority,8
customer,8
southern,8
relation,8
critical,8
original,8
directly,8
attitude,8
powerful,8
announce,8
involved,8
conflict,8
argument,8
complete,8
solution,8
distance,8
mountain,8
supposed,8
resident,8
European,8
presence,8
district,8
contract,8
strength,8
previous,8
reporter,8
facility,8
identity,8
tomorrow,8
chairman,8
baseball,8
religion,8
document,8
threaten,8
slightly,8
reaction,8
location,8
neighbor,8
function,8
learning,8
category,8
academic,8
Internet,8
negative,8
medicine,8
exercise,8
familiar,8
progress,8
exchange,8
football,8
domestic,8
northern,8
software,8
favorite,8
greatest,8
surround,8
surprise,8
proposal,8
minority,8
straight,8
teaching,8
regional,8
organize,8
struggle,8
conclude,8
generate,8
thinking,8
possibly,8
investor,8
accident,8
Japanese,8
internal,8
Catholic,8
contrast,8
capacity,8
estimate,8
governor,8
producer,8
division,8
entirely,8
complain,8
variable,8
coverage,8
anywhere,8
pleasure,8
separate,8
somewhat,8
judgment,8
minister,8
terrible,8
multiple,8
criminal,8
abortion,8
incident,8
enormous,8
engineer,8
sentence,8
convince,8
addition,8
creative,8
priority,8
creation,8
graduate,8
dramatic,8
universe,8
schedule,8
purchase,8
existing,8
perceive,8
planning,8
opponent,8
preserve,8
opposite,8
exposure,8
occasion,8
ordinary,8
numerous,8
moreover,8
employer,8
dominate,8
whenever,8
transfer,8
disaster,8
prospect,8
spending,8
evaluate,8
emphasis,8
creature,8
disorder,8
strongly,8
constant,8
bathroom,8
confront,8
prisoner,8
designer,8
educator,8
relative,8
teaspoon,8
birthday,8
teenager,8
recovery,8
observer,8
historic,8
apparent,8
approval,8
criteria,8
clinical,8
normally,8
activist,8
ultimate,8
valuable,8
chemical,8
vacation,8
advocate,8
pregnant,8
Canadian,8
darkness,8
clothing,8
portrait,8
survival,8
ceremony,8
disagree,8
unlikely,8
stranger,8
electric,8
literary,8
overcome,8
shopping,8
accurate,8
champion,8
scenario,8
friendly,8
lifetime,8
innocent,8
boundary,8
withdraw,8
dialogue,8
advanced,8
aircraft,8
delivery,8
platform,8
relevant,8
shooting,8
external,8
entrance,8
properly,8
emission,8
earnings,8
exciting,8
musician,8
instance,8
athletic,8
survivor,8
publicly,8
tendency,8
resemble,8
proposed,8
standing,8
provider,8
downtown,8
taxpayer,8
detailed,8
workshop,8
romantic,8
overlook,8
sequence,8
absolute,8
register,8
heritage,8
dominant,8
operator,8
collapse,8
mortgage,8
sanction,8
civilian,8
province,8
distinct,8
artistic,8
fighting,8
persuade,8
moderate,8
frequent,8
everyday,8
headline,8
invasion,8
adequate,8
concrete,8
changing,8
colonial,8
homeless,8
decrease,8
alliance,8
regulate,8
laughter,8
receiver,8
superior,8
compound,8
drinking,8
midnight,8
suburban,8
interior,8
corridor,8
weakness,8
humanity,8
reliable,8
Hispanic,8
airplane,8
initiate,8
sandwich,8
motivate,8
longtime,8
restrict,8
assemble,8
obstacle,8
basement,8
bacteria,8
database,8
ideology,8
railroad,8
peaceful,8
grateful,8
adoption,8
particle,8
festival,8
freshman,8
wherever,8
rhetoric,8
profound,8
currency,8
doctrine,8
horrible,8
commonly,8
sidewalk,8
Olympics,8
pleasant,8
delicate,8
forehead,8
traveler,8
dedicate,8
diagnose,8
theology,8
handsome,8
provided,8
wildlife,8
elevator,8
guidance,8
envelope,8
generous,8
sunlight,8
feedback,8
spectrum,8
starting,8
hesitate,8
metaphor,8
judicial,8
diminish,8
minimize,8
assembly,8
equation,8
offering,8
precious,8
prohibit,8
abstract,8
hardware,8
shortage,8
annually,8
deadline,8
sexually,8
quantity,8
monument,8
accuracy,8
treasure,8
talented,8
gasoline,8
extended,8
diabetes,8
dynamics,8
parental,8
merchant,8
improved,8
ancestor,8
homeland,8
symbolic,8
conceive,8
combined,8
patience,8
tropical,8
intimate,8
flexible,8
casualty,8
republic,8
terrific,8
instinct,8
teammate,8
aluminum,8
ministry,8
instruct,8
mushroom,8
mechanic,8
sympathy,8
syndrome,8
ambition,8
dissolve,8
expected,8
actively,8
illusion,8
tolerate,8
scramble,8
decorate,8
donation,8
interact,8
supplier,8
momentum,8
elephant,8
mentally,8
organism,8
upstairs,8
backyard,8
comprise,8
reminder,8
disabled,8
frontier,8
disclose,8
notebook,8
vertical,8
swimming,8
outsider,8
proclaim,8
required,8
colorful,8
textbook,8
emerging,8
envision,8
rational,8
protocol,8
distract,8
discount,8
retailer,8
classify,8
stimulus,8
likewise,8
informal,8
validity,8
strictly,8
artifact,8
listener,8
socially,8
equality,8
cemetery,8
striking,8
isolated,8
eligible,8
interval,8
feminist,8
sprinkle,8
blessing,8
formerly,8
lawmaker,8
calendar,8
predator,8
autonomy,8
landmark,8
offender,8
fraction,8
fragment,8
headache,8
suitable,8
driveway,8
homework,8
molecule,8
steadily,8
defender,8
explicit,8
magnetic,8
meantime,8
transmit,8
nutrient,8
severely,8
lighting,8
terribly,8
honestly,8
troubled,8
balanced,8
managing,8
diplomat,8
sometime,8
epidemic,8
inherent,8
selected,8
because,7
through,7
between,7
another,7
student,7
country,7
problem,7
against,7
company,7
program,7
believe,7
without,7
million,7
provide,7
service,7
however,7
include,7
several,7
nothing,7
whether,7
already,7
history,7
morning,7
himself,7
teacher,7
process,7
college,7
someone,7
suggest,7
control,7
perhaps,7
require,7
finally,7
explain,7
develop,7
federal,7
receive,7
society,7
special,7
support,7
project,7
produce,7
picture,7
product,7
patient,7
certain,7
century,7
culture,7
billion,7
brother,7
realize,7
hundred,7
husband,7
economy,7
medical,7
current,7
involve,7
defense,7
subject,7
officer,7
private,7
quickly,7
foreign,7
natural,7
concern,7
similar,7
usually,7
article,7
despite,7
central,7
exactly,7
protect,7
serious,7
thought,7
quality,7
meeting,7
prepare,7
disease,7
success,7
ability,7
herself,7
general,7
feeling,7
message,7
outside,7
benefit,7
forward,7
present,7
section,7
compare,7
station,7
clearly,7
discuss,7
example,7
various,7
manager,7
network,7
science,7
imagine,7
tonight,7
respond,7
popular,7
contain,7
measure,7
perform,7
evening,7
mention,7
trouble,7
instead,7
improve,7
soldier,7
reflect,7
surface,7
purpose,7
pattern,7
machine,7
address,7
reality,7
partner,7
kitchen,7
capital,7
account,7
western,7
prevent,7
citizen,7
mission,7
publish,7
release,7
opinion,7
version,7
species,7
freedom,7
achieve,7
concept,7
perfect,7
conduct,7
examine,7
variety,7
nuclear,7
replace,7
British,7
feature,7
weekend,7
African,7
element,7
Chinese,7
attempt,7
village,7
express,7
willing,7
deliver,7
vehicle,7
observe,7
average,7
operate,7
collect,7
promote,7
survive,7
failure,7
comment,7
regular,7
anybody,7
quarter,7
growing,7
destroy,7
context,7
mistake,7
clothes,7
promise,7
combine,7
victory,7
healthy,7
finding,7
contact,7
justice,7
eastern,7
primary,7
plastic,7
writing,7
chicken,7
theater,7
session,7
welcome,7
respect,7
Russian,7
strange,7
reading,7
explore,7
complex,7
athlete,7
meaning,7
married,7
predict,7
weather,7
Supreme,7
balance,7
connect,7
somehow,7
analyst,7
largely,7
revenue,7
package,7
obvious,7
anymore,7
propose,7
visitor,7
hearing,7
traffic,7
capture,7
content,7
declare,7
setting,7
outcome,7
airport,7
English,7
neither,7
surgery,7
correct,7
ancient,7
silence,7
typical,7
confirm,7
attract,7
bedroom,7
totally,7
stretch,7
fashion,7
welfare,7
opening,7
overall,7
initial,7
careful,7
holiday,7
witness,7
beneath,7
limited,7
faculty,7
liberal,7
massive,7
decline,7
towards,7
succeed,7
fishing,7
unusual,7
closely,7
approve,7
acquire,7
compete,7
illegal,7
forever,7
Israeli,7
display,7
musical,7
suspect,7
scholar,7
warning,7
climate,7
payment,7
request,7
emotion,7
airline,7
library,7
recover,7
factory,7
expense,7
funding,7
therapy,7
housing,7
violent,7
suppose,7
wedding,7
portion,7
abandon,7
tension,7
leading,7
consist,7
alcohol,7
Spanish,7
passage,7
arrange,7
deserve,7
resolve,7
Mexican,7
symptom,7
breathe,7
suicide,7
passion,7
amazing,7
intense,7
advance,7
inspire,7
visible,7
illness,7
analyze,7
parking,7
enhance,7
mystery,7
poverty,7
monitor,7
digital,7
heavily,7
missile,7
equally,7
command,7
veteran,7
capable,7
nervous,7
tourist,7
crucial,7
deficit,7
journey,7
mixture,7
whisper,7
anxiety,7
embrace,7
testing,7
stomach,7
install,7
concert,7
channel,7
extreme,7
drawing,7
protein,7
absence,7
rapidly,7
speaker,7
restore,7
quietly,7
utility,7
highway,7
routine,7
Islamic,7
refugee,7
barrier,7
classic,7
distant,7
Italian,7
ceiling,7
roughly,7
lawsuit,7
chamber,7
profile,7
penalty,7
cabinet,7
proceed,7
dispute,7
fortune,7
genetic,7
adviser,7
whereas,7
Olympic,7
fiction,7
senator,7
hunting,7
journal,7
testify,7
founder,7
dismiss,7
finance,7
diverse,7
working,7
unknown,7
offense,7
counter,7
justify,7
protest,7
insight,7
possess,7
episode,7
shortly,7
assault,7
license,7
shelter,7
tragedy,7
funeral,7
squeeze,7
convert,7
pretend,7
elderly,7
violate,7
segment,7
nowhere,7
comfort,7
radical,7
storage,7
leather,7
council,7
fantasy,7
gesture,7
ongoing,7
chapter,7
divorce,7
sustain,7
fifteen,7
satisfy,7
briefly,7
consume,7
tobacco,7
besides,7
wealthy,7
fighter,7
educate,7
painful,7
uniform,7
qualify,7
scandal,7
helpful,7
impress,7
privacy,7
contest,7
organic,7
bombing,7
explode,7
handful,7
horizon,7
curious,7
undergo,7
edition,7
appoint,7
battery,7
arrival,7
cluster,7
habitat,7
actress,7
running,7
worried,7
portray,7
carrier,7
cooking,7
miracle,7
killing,7
charity,7
venture,7
grocery,7
exhibit,7
blanket,7
recruit,7
painter,7
courage,7
formula,7
captain,7
gallery,7
fitness,7
inquiry,7
compose,7
related,7
lightly,7
trading,7
surgeon,7
physics,7
counsel,7
excited,7
serving,7
greatly,7
pleased,7
sponsor,7
ethical,7
entitle,7
evident,7
essence,7
exclude,7
pitcher,7
T-shirt,7
reverse,7
missing,7
confuse,7
monthly,7
lecture,7
swallow,7
enforce,7
contend,7
frankly,7
hallway,7
monster,7
crystal,7
written,7
consult,7
forgive,7
maximum,7
warrior,7
outdoor,7
curtain,7
walking,7
playoff,7
minimum,7
execute,7
chronic,7
retired,7
trigger,7
virtual,7
convict,7
landing,7
driving,7
vitamin,7
endless,7
mandate,7
reserve,7
genuine,7
scatter,7
relieve,7
suspend,7
pension,7
rebuild,7
shuttle,7
precise,7
anxious,7
liberty,7
doorway,7
teenage,7
pursuit,7
endorse,7
thereby,7
sharply,7
garbage,7
servant,7
elegant,7
confess,7
starter,7
banking,7
gravity,7
isolate,7
hostage,7
dynamic,7
stumble,7
descend,7
readily,7
romance,7
circuit,7
coastal,7
burning,7
diamond,7
oversee,7
o'clock,7
trailer,7
loyalty,7
nominee,7
alleged,7
dignity,7
seventh,7
tightly,7
dilemma,7
shallow,7
stadium,7
condemn,7
costume,7
statute,7
cartoon,7
hostile,7
vaccine,7
opposed,7
jewelry,7
concede,7
secular,7
neutral,7
biology,7
whoever,7
verdict,7
subsidy,7
dessert,7
utilize,7
rolling,7
minimal,7
cocaine,7
sibling,7
passing,7
persist,7
bicycle,7
exploit,7
charter,7
consent,7
workout,7
hormone,7
texture,7
custody,7
outline,7
uncover,7
catalog,7
someday,7
instant,7
trainer,7
eyebrow,7
inherit,7
pioneer,7
kingdom,7
terrain,7
planner,7
closest,7
density,7
Persian,7
feather,7
tighten,7
partial,7
builder,7
glimpse,7
premise,7
legally,7
disturb,7
logical,7
slavery,7
mineral,7
halfway,7
fucking,7
auction,7
triumph,7
scratch,7
harmony,7
peasant,7
deposit,7
impulse,7
dancing,7
happily,7
removal,7
unhappy,7
tourism,7
exhaust,7
fragile,7
crowded,7
prevail,7
mansion,7
cottage,7
balloon,7
sweater,7
retreat,7
premium,7
fatigue,7
provoke,7
harvest,7
specify,7
transit,7
seminar,7
delight,7
skilled,7
summary,7
dictate,7
people,6
should,6
school,6
become,6
really,6
family,6
system,6
during,6
number,6
always,6
happen,6
before,6
mother,6
though,6
little,6
around,6
friend,6
father,6
member,6
almost,6
change,6
minute,6
social,6
follow,6
parent,6
create,6
public,6
others,6
office,6
health,6
person,6
within,6
result,6
reason,6
moment,6
enough,6
across,6
second,6
toward,6
policy,6
appear,6
market,6
expect,6
nation,6
course,6
behind,6
remain,6
effect,6
former,6
report,6
better,6
effort,6
decide,6
strong,6
leader,6
police,6
return,6
action,6
season,6
player,6
record,6
ground,6
matter,6
center,6
couple,6
figure,6
street,6
itself,6
either,6
recent,6
doctor,6
worker,6
simply,6
source,6
nearly,6
choose,6
window,6
listen,6
chance,6
energy,6
period,6
summer,6
likely,6
letter,6
choice,6
single,6
church,6
future,6
anyone,6
myself,6
author,6
agency,6
nature,6
reduce,6
common,6
series,6
animal,6
factor,6
decade,6
artist,6
career,6
beyond,6
simple,6
accept,6
answer,6
amount,6
growth,6
degree,6
wonder,6
attack,6
region,6
pretty,6
arrive,6
lawyer,6
sister,6
design,6
indeed,6
rather,6
entire,6
forget,6
remove,6
memory,6
expert,6
spring,6
finish,6
theory,6
impact,6
charge,6
reveal,6
weapon,6
manage,6
camera,6
weight,6
affect,6
inside,6
writer,6
middle,6
detail,6
method,6
sexual,6
cancer,6
finger,6
garden,6
notice,6
modern,6
budget,6
victim,6
threat,6
dinner,6
relate,6
travel,6
debate,6
senior,6
assume,6
suffer,6
speech,6
option,6
forest,6
global,6
Senate,6
reform,6
access,6
credit,6
corner,6
recall,6
safety,6
income,6
strike,6
nobody,6
object,6
client,6
please,6
attend,6
spirit,6
battle,6
crisis,6
define,6
easily,6
vision,6
status,6
normal,6
slowly,6
driver,6
handle,6
survey,6
winter,6
Soviet,6
refuse,6
screen,6
reader,6
target,6
prison,6
demand,6
flight,6
emerge,6
bright,6
sample,6
settle,6
highly,6
mostly,6
lesson,6
living,6
unless,6
border,6
gather,6
critic,6
aspect,6
insist,6
annual,6
French,6
affair,6
spread,6
ignore,6
belief,6
murder,6
review,6
editor,6
engage,6
coffee,6
anyway,6
commit,6
female,6
afraid,6
native,6
Indian,6
active,6
extend,6
remind,6
United,6
depend,6
direct,6
famous,6
flower,6
supply,6
search,6
circle,6
device,6
bottom,6
island,6
studio,6
damage,6
intend,6
danger,6
desire,6
injury,6
engine,6
fourth,6
expand,6
ticket,6
mental,6
farmer,6
planet,6
obtain,6
invite,6
repeat,6
pocket,6
breath,6
belong,6
advice,6
breast,6
thanks,6
yellow,6
shadow,6
locate,6
county,6
bridge,6
e-mail,6
profit,6
muscle,6
notion,6
prefer,6
museum,6
beauty,6
unique,6
ethnic,6
stress,6
select,6
actual,6
bottle,6
hardly,6
launch,6
defend,6
ensure,6
extent,6
estate,6
pursue,6
Jewish,6
branch,6
relief,6
manner,6
rating,6
golden,6
motion,6
German,6
gender,6
except,6
afford,6
regime,6
appeal,6
mirror,6
length,6
secret,6
master,6
winner,6
volume,6
pepper,6
divide,6
oppose,6
league,6
employ,6
barely,6
sector,6
beside,6
merely,6
invest,6
expose,6
narrow,6
accuse,6
useful,6
reject,6
talent,6
escape,6
height,6
assess,6
plenty,6
campus,6
proper,6
guilty,6
column,6
signal,6
regard,6
twenty,6
prayer,6
cheese,6
permit,6
scream,6
deeply,6
agenda,6
unable,6
arrest,6
visual,6
fairly,6
silent,6
widely,6
inform,6
bother,6
enable,6
saving,6
desert,6
double,6
formal,6
stream,6
racial,6
potato,6
online,6
jacket,6
rarely,6
priest,6
adjust,6
retire,6
attach,6
severe,6
impose,6
symbol,6
clinic,6
tomato,6
butter,6
surely,6
glance,6
fellow,6
smooth,6
nearby,6
silver,6
junior,6
throat,6
salary,6
unlike,6
resist,6
assist,6
viewer,6
secure,6
recipe,6
wooden,6
honest,6
origin,6
advise,6
wealth,6
deputy,6
assure,6
dealer,6
phrase,6
Muslim,6
switch,6
killer,6
assign,6
heaven,6
button,6
burden,6
string,6
resort,6
tissue,6
broken,6
stupid,6
occupy,6
cousin,6
retain,6
latter,6
terror,6
bullet,6
square,6
gently,6
detect,6
remote,6
mutual,6
mainly,6
freeze,6
singer,6
evolve,6
partly,6
thirty,6
treaty,6
sudden,6
tongue,6
stable,6
steady,6
vessel,6
mm-hmm,6
dining,6
wisdom,6
garlic,6
poetry,6
scared,6
slight,6
differ,6
custom,6
carbon,6
closer,6
scheme,6
galaxy,6
hunter,6
infant,6
derive,6
fabric,6
asleep,6
tennis,6
barrel,6
modest,6
stroke,6
prompt,6
absorb,6
cotton,6
flavor,6
orange,6
assert,6
valley,6
versus,6
hungry,6
wander,6
submit,6
legacy,6
shower,6
depict,6
garage,6
borrow,6
comedy,6
twelve,6
weekly,6
devote,6
ethics,6
summit,6
gifted,6
medium,6
basket,6
powder,6
cookie,6
admire,6
exceed,6
rhythm,6
lovely,6
script,6
tactic,6
margin,6
horror,6
defeat,6
sacred,6
soccer,6
tunnel,6
virtue,6
abroad,6
makeup,6
legend,6
remark,6
resign,6
reward,6
gentle,6
invent,6
ritual,6
insect,6
salmon,6
combat,6
bitter,6
subtle,6
bishop,6
export,6
closet,6
retail,6
excuse,6
deadly,6
Korean,6
suburb,6
render,6
strict,6
motive,6
temple,6
and/or,6
random,6
domain,6
cattle,6
fiscal,6
endure,6
strain,6
guitar,6
behave,6
dancer,6
colony,6
closed,6
modify,6
govern,6
ballot,6
praise,6
injure,6
canvas,6
format,6
turkey,6
convey,6
frozen,6
spouse,6
resume,6
sodium,6
bounce,6
pickup,6
needle,6
timing,6
rescue,6
firmly,6
poster,6
oxygen,6
pastor,6
punish,6
equity,6
statue,6
repair,6
decent,6
purple,6
eating,6
parade,6
cancel,6
candle,6
entity,6
vanish,6
racism,6
casual,6
enroll,6
intent,6
toilet,6
hidden,6
tender,6
lonely,6
shared,6
pillow,6
ruling,6
lately,6
softly,6
verbal,6
tribal,6
import,6
divine,6
genius,6
broker,6
output,6
rocket,6
donate,6
inmate,6
tackle,6
carpet,6
bubble,6
bloody,6
accent,6
shrimp,6
voting,6
patrol,6
immune,6
exotic,6
drawer,6
runner,6
empire,6
puzzle,6
tragic,6
safely,6
eleven,6
bureau,6
breeze,6
costly,6
insert,6
helmet,6
casino,6
hockey,6
liquid,6
foster,6
filter,6
rabbit,6
outfit,6
patent,6
pencil,6
banker,6
eighth,6
behalf,6
stance,6
compel,6
shrink,6
fierce,6
weaken,6
openly,6
unfair,6
deploy,6
ladder,6
jungle,6
invade,6
sphere,6
unfold,6
collar,6
streak,6
monkey,6
mentor,6
sleeve,6
debris,6
parish,6
hunger,6
faster,6
regret,6
carrot,6
plunge,6
refuge,6
outlet,6
intact,6
vendor,6
thrive,6
peanut,6
comply,6
patron,6
solely,6
banana,6
palace,6
cruise,6
mobile,6
forbid,6
brutal,6
thread,6
coming,6
denial,6
rental,6
warmth,6
regain,6
rubber,6
freely,6
update,6
marker,6
preach,6
bucket,6
marble,6
mutter,6
depart,6
trauma,6
ribbon,6
shorts,6
soften,6
hazard,6
seldom,6
timber,6
flying,6
seller,6
marine,6
boring,6
bronze,6
vacuum,6
their,5
would,5
about,5
there,5
think,5
which,5
could,5
other,5
these,5
first,5
thing,5
those,5
woman,5
child,5
after,5
world,5
still,5
three,5
state,5
never,5
leave,5
while,5
great,5
group,5
begin,5
where,5
every,5
start,5
might,5
place,5
again,5
right,5
small,5
night,5
point,5
today,5
bring,5
large,5
under,5
water,5
write,5
money,5
story,5
young,5
month,5
study,5
issue,5
black,5
house,5
since,5
until,5
power,5
often,5
among,5
stand,5
later,5
white,5
least,5
learn,5
watch,5
speak,5
level,5
allow,5
spend,5
party,5
early,5
force,5
offer,5
maybe,5
music,5
human,5
serve,5
sense,5
build,5
death,5
reach,5
local,5
class,5
raise,5
field,5
major,5
along,5
heart,5
light,5
voice,5
whole,5
price,5
carry,5
drive,5
break,5
thank,5
value,5
model,5
agree,5
paper,5
space,5
event,5
whose,5
table,5
court,5
teach,5
image,5
phone,5
cover,5
quite,5
clear,5
piece,5
movie,5
north,5
third,5
catch,5
cause,5
plant,5
short,5
south,5
floor,5
close,5
wrong,5
sport,5
board,5
fight,5
throw,5
order,5
focus,5
blood,5
color,5
store,5
sound,5
enter,5
share,5
shoot,5
seven,5
scene,5
stock,5
eight,5
happy,5
occur,5
media,5
ready,5
argue,5
staff,5
trade,5
glass,5
skill,5
crime,5
stage,5
truth,5
check,5
laugh,5
guess,5
prove,5
claim,5
enjoy,5
legal,5
final,5
green,5
above,5
trial,5
radio,5
visit,5
avoid,5
peace,5
apply,5
shake,5
chair,5
treat,5
style,5
adult,5
worry,5
range,5
dream,5
stuff,5
hotel,5
heavy,5
tough,5
exist,5
agent,5
owner,5
ahead,5
coach,5
total,5
civil,5
mouth,5
smile,5
score,5
front,5
admit,5
alone,5
fresh,5
video,5
judge,5
stare,5
troop,5
track,5
basic,5
plane,5
labor,5
refer,5
touch,5
sleep,5
press,5
brain,5
dozen,5
sorry,5
stick,5
stone,5
scale,5
drink,5
truck,5
sales,5
shape,5
crowd,5
horse,5
guard,5
terms,5
quick,5
pound,5
basis,5
guest,5
block,5
title,5
faith,5
river,5
count,5
marry,5
limit,5
worth,5
speed,5
cross,5
youth,5
broad,5
twice,5
grade,5
quiet,5
dress,5
aware,5
chief,5
below,5
voter,5
moral,5
photo,5
daily,5
fully,5
actor,5
birth,5
clean,5
train,5
plate,5
alive,5
abuse,5
extra,5
paint,5
climb,5
sweet,5
metal,5
urban,5
lunch,5
sugar,5
enemy,5
panel,5
sight,5
adopt,5
works,5
empty,5
trail,5
novel,5
Iraqi,5
theme,5
storm,5
union,5
fruit,5
prime,5
dance,5
being,5
shift,5
trend,5
angry,5
truly,5
earth,5
chest,5
thick,5
sheet,5
ought,5
brown,5
shirt,5
pilot,5
guide,5
steal,5
funny,5
blame,5
crazy,5
chain,5
solve,5
equal,5
forth,5
frame,5
trust,5
ocean,5
tooth,5
smart,5
topic,5
nurse,5
aside,5
doubt,5
grant,5
cloud,5
cheap,5
beach,5
route,5
upper,5
tired,5
fewer,5
apart,5
match,5
proud,5
waste,5
wheel,5
cable,5
rural,5
cream,5
solid,5
noise,5
grass,5
taste,5
sharp,5
lower,5
honor,5
knock,5
asset,5
bread,5
lucky,5
brief,5
steel,5
shout,5
layer,5
slide,5
shall,5
error,5
print,5
album,5
joint,5
reply,5
cycle,5
grand,5
hello,5
knife,5
phase,5
quote,5
elect,5
sauce,5
shock,5
habit,5
juice,5
entry,5
maker,5
Asian,5
usual,5
anger,5
round,5
smell,5
tower,5
smoke,5
coast,5
inner,5
swing,5
mayor,5
fifth,5
favor,5
weigh,5
FALSE,5
Latin,5
essay,5
giant,5
depth,5
shell,5
onion,5
brand,5
award,5
arise,5
armed,5
stake,5
fiber,5
minor,5
label,5
index,5
draft,5
rough,5
drama,5
clock,5
sweep,5
super,5
yield,5
fence,5
bunch,5
found,5
react,5
cheek,5
apple,5
virus,5
blind,5
slave,5
elite,5
tight,5
Bible,5
chart,5
solar,5
strip,5
salad,5
pause,5
bench,5
lover,5
newly,5
imply,5
pride,5
ideal,5
crash,5
craft,5
fault,5
loose,5
prior,5
relax,5
stair,5
proof,5
dirty,5
alter,5
split,5
vital,5
adapt,5
Irish,5
honey,5
tribe,5
shelf,5
buyer,5
shade,5
mount,5
angle,5
crack,5
given,5
trace,5
meter,5
rapid,5
fifty,5
porch,5
rifle,5
trick,5
nerve,5
ratio,5
humor,5
glove,5
delay,5
scope,5
badly,5
eager,5
motor,5
float,5
blade,5
cabin,5
yours,5
pitch,5
lemon,5
naked,5
shrug,5
flame,5
wound,5
flesh,5
grain,5
brush,5
seize,5
shore,5
ghost,5
awful,5
piano,5
mouse,5
chase,5
brick,5
patch,5
swear,5
slice,5
exact,5
uncle,5
grave,5
couch,5
shine,5
upset,5
organ,5
magic,5
jeans,5
flour,5
slope,5
candy,5
medal,5
curve,5
logic,5
harsh,5
greet,5
march,5
snake,5
flash,5
Islam,5
Roman,5
elbow,5
plead,5
sixth,5
trunk,5
rumor,5
cloth,5
plain,5
fraud,5
array,5
flood,5
arena,5
drift,5
drain,5
hurry,5
wrist,5
guilt,5
skirt,5
hence,5
await,5
spill,5
grace,5
towel,5
prize,5
boost,5
alarm,5
weird,5
sweat,5
outer,5
drunk,5
chaos,5
forty,5
lobby,5
trait,5
thumb,5
unity,5
twist,5
shame,5
rebel,5
fluid,5
click,5
carve,5
belly,5
scare,5
ankle,5
rider,5
crawl,5
donor,5
opera,5
clerk,5
laser,5
realm,5
blend,5
pizza,5
civic,5
steep,5
alien,5
scary,5
angel,5
silly,5
ranch,5
elder,5
Dutch,5
Greek,5
quest,5
juror,5
stiff,5
toxic,5
grief,5
buddy,5
sword,5
glory,5
faint,5
queen,5
input,5
steam,5
unite,5
equip,5
bless,5
bonus,5
mixed,5
orbit,5
grasp,5
spite,5
Cuban,5
wagon,5
sheer,5
thigh,5
sheep,5
whale,5
skull,5
spell,5
booth,5
waist,5
royal,5
panic,5
crush,5
cliff,5
tumor,5
pulse,5
fixed,5
diary,5
irony,5
spoon,5
midst,5
alley,5
rival,5
punch,5
known,5
purse,5
cheat,5
fever,5
dried,5
shove,5
stove,5
alike,5
dough,5
trash,5
gross,5
spray,5
beast,5
shark,5
fleet,5
debut,5
scent,5
stack,5
cease,5
nasty,5
wheat,5
aisle,5
vocal,5
risky,5
pasta,5
genre,5
merit,5
chunk,5
robot,5
boast,5
added,5
sneak,5
blank,5
dying,5
spare,5
cling,5
blink,5
squad,5
chill,5
steer,5
rally,5
cheer,5
steak,5
awake,5
liver,5
widow,5
beard,5
brake,5
valid,5
forum,5
enact,5
suite,5
straw,5
globe,5
blast,5
screw,5
drill,5
cruel,5
grape,5
charm,5
loyal,5
radar,5
frown,5
spark,5
blond,5
arrow,5
ridge,5
brave,5
dense,5
sunny,5
swell,5
bride,5
weave,5
devil,5
cargo,5
spine,5
fatal,5
drown,5
kneel,5
have,4
that,4
with,4
this,4
they,4
from,4
what,4
make,4
know,4
will,4
time,4
year,4
when,4
them,4
some,4
take,4
into,4
just,4
your,4
come,4
than,4
like,4
then,4
more,4
want,4
look,4
also,4
find,4
here,4
give,4
many,4
well,4
only,4
tell,4
very,4
even,4
back,4
good,4
life,4
work,4
down,4
call,4
over,4
last,4
need,4
feel,4
high,4
most,4
much,4
mean,4
keep,4
same,4
seem,4
help,4
talk,4
turn,4
hand,4
show,4
part,4
such,4
case,4
week,4
each,4
hear,4
play,4
move,4
live,4
hold,4
next,4
must,4
home,4
room,4
area,4
fact,4
book,4
word,4
side,4
kind,4
four,4
head,4
long,4
both,4
away,4
hour,4
game,4
line,4
ever,4
lose,4
meet,4
city,4
name,4
five,4
once,4
real,4
team,4
best,4
idea,4
body,4
lead,4
stop,4
face,4
read,4
door,4
sure,4
grow,4
open,4
walk,4
girl,4
food,4
foot,4
able,4
love,4
wait,4
send,4
stay,4
fall,4
plan,4
kill,4
yeah,4
care,4
late,4
hard,4
else,4
pass,4
sell,4
role,4
rate,4
drug,4
wife,4
mind,4
pull,4
free,4
less,4
hope,4
view,4
town,4
road,4
TRUE,4
full,4
join,4
pick,4
wear,4
form,4
site,4
base,4
star,4
half,4
easy,4
cost,4
data,4
land,4
wall,4
news,4
test,4
step,4
baby,4
type,4
draw,4
film,4
tree,4
hair,4
soon,4
term,4
rule,4
risk,4
fire,4
bank,4
west,4
seek,4
rest,4
deal,4
past,4
goal,4
fill,4
drop,4
upon,4
push,4
note,4
fine,4
near,4
page,4
poor,4
race,4
dead,4
rise,4
east,4
save,4
thus,4
size,4
fund,4
sign,4
list,4
left,4
loss,4
bill,4
fail,4
miss,4
sort,4
blue,4
song,4
dark,4
hang,4
rock,4
cold,4
main,4
card,4
seat,4
cell,4
nice,4
firm,4
huge,4
ball,4
onto,4
pain,4
wide,4
fish,4
trip,4
unit,4
deep,4
edge,4
fear,4
heat,4
sing,4
whom,4
skin,4
item,4
yard,4
beat,4
tend,4
task,4
shot,4
wish,4
safe,4
rich,4
vote,4
none,4
born,4
wind,4
fast,4
bird,4
hurt,4
nine,4
camp,4
date,4
hole,4
ship,4
park,4
spot,4
lack,4
boat,4
wood,4
roll,4
gain,4
hide,4
gold,4
club,4
farm,4
band,4
ride,4
text,4
tool,4
wild,4
earn,4
tiny,4
feed,4
path,4
shop,4
folk,4
lift,4
jump,4
warm,4
soft,4
gift,4
wave,4
deny,4
suit,4
blow,4
cook,4
burn,4
shoe,4
bone,4
wine,4
cool,4
hell,4
tour,4
grab,4
fair,4
pair,4
knee,4
tape,4
hire,4
lady,4
neck,4
lean,4
tall,4
hate,4
male,4
army,4
shut,4
lots,4
rain,4
fuel,4
leaf,4
pool,4
salt,4
soul,4
bear,4
thin,4
poll,4
okay,4
code,4
jury,4
desk,4
ring,4
mark,4
loan,4
crew,4
meal,4
cash,4
link,4
root,4
nose,4
file,4
sick,4
duty,4
slow,4
zone,4
wake,4
warn,4
snow,4
slip,4
meat,4
soil,4
golf,4
user,4
kick,4
used,4
bowl,4
host,4
hall,4
rely,4
debt,4
rare,4
tank,4
bond,4
wing,4
pour,4
stir,4
beer,4
tear,4
hero,4
seed,4
busy,4
copy,4
cite,4
gray,4
dish,4
core,4
rush,4
vast,4
flow,4
mass,4
bomb,4
tone,4
AIDS,4
gate,4
hill,4
milk,4
cast,4
plus,4
weak,4
wrap,4
drag,4
roof,4
diet,4
wash,4
post,4
chip,4
self,4
bike,4
lake,4
bend,4
Arab,4
sand,4
lock,4
pose,4
sale,4
mine,4
tale,4
joke,4
coat,4
urge,4
dust,4
glad,4
pack,4
iron,4
gene,4
kiss,4
boss,4
king,4
mood,4
boot,4
bean,4
peak,4
vary,4
wire,4
holy,4
twin,4
luck,4
toss,4
bury,4
pray,4
ally,4
pure,4
peer,4
belt,4
flag,4
corn,4
moon,4
crop,4
pink,4
buck,4
poem,4
bind,4
mail,4
tube,4
quit,4
jail,4
pace,4
cake,4
flat,4
wage,4
snap,4
gear,4
gang,4
teen,4
yell,4
spin,4
bell,4
rank,4
lost,4
pant,4
wipe,4
port,4
dirt,4
rice,4
deck,4
pole,4
mode,4
bake,4
sink,4
swim,4
tire,4
fade,4
mask,4
load,4
deer,4
fate,4
oven,4
poet,4
mere,4
pale,4
flee,4
lawn,4
plot,4
pipe,4
math,4
tail,4
palm,4
soup,4
pile,4
aide,4
mall,4
heel,4
tent,4
myth,4
menu,4
loud,4
auto,4
bite,4
pine,4
chef,4
boom,4
shit,4
cope,4
ease,4
wise,4
acid,4
odds,4
lung,4
ugly,4
rope,4
sake,4
gaze,4
clue,4
dear,4
coal,4
sigh,4
dare,4
rose,4
rail,4
mess,4
norm,4
stem,4
rape,4
hunt,4
echo,4
pill,4
bare,4
rent,4
pump,4
evil,4
slam,4
melt,4
fold,4
beef,4
duck,4
dose,4
trap,4
lens,4
lend,4
nail,4
cave,4
herb,4
suck,4
leap,4
pond,4
dump,4
limb,4
tune,4
harm,4
horn,4
grip,4
beam,4
fork,4
disk,4
hook,4
exit,4
mild,4
doll,4
noon,4
amid,4
hers,4
jazz,4
oral,4
fist,4
bath,4
bold,4
hint,4
peel,4
flip,4
bias,4
lamp,4
chin,4
chop,4
silk,4
rage,4
dawn,4
tide,4
seal,4
scan,4
fool,4
rear,4
cart,4
mate,4
slap,4
ours,4
barn,4
tuck,4
drum,4
sail,4
nest,4
lane,4
cage,4
rack,4
wolf,4
grin,4
aunt,4
calm,4
haul,4
ruin,4
bush,4
clip,4
bull,4
exam,4
loop,4
edit,4
whip,4
boil,4
pork,4
sock,4
sexy,4
lion,4
cord,4
soap,4
cute,4
shed,4
icon,4
heal,4
coin,4
damn,4
mill,4
hike,4
sack,4
tray,4
coup,4
skip,4
sole,4
weed,4
deem,4
cure,4
fame,4
atop,4
toll,4
chew,4
butt,4
dumb,4
bulk,4
goat,4
neat,4
poke,4
soar,4
clay,4
fare,4
disc,4
sofa,4
soak,4
slot,4
riot,4
tile,4
till,4
plea,4
bulb,4
bolt,4
dock,4
trim,4
spit,4
the,3
and,3
for,3
you,3
say,3
but,3
his,3
not,3
she,3
can,3
who,3
get,3
her,3
all,3
one,3
out,3
see,3
him,3
now,3
how,3
its,3
our,3
two,3
way,3
new,3
day,3
use,3
man,3
any,3
may,3
try,3
ask,3
too,3
own,3
put,3
old,3
why,3
let,3
big,3
few,3
run,3
off,3
lot,3
eye,3
job,3
far,3
yes,3
sit,3
yet,3
end,3
bad,3
pay,3
law,3
car,3
set,3
kid,3
ago,3
add,3
art,3
war,3
low,3
win,3
guy,3
air,3
boy,3
age,3
buy,3
die,3
cut,3
six,3
son,3
arm,3
tax,3
hit,3
eat,3
oil,3
red,3
per,3
top,3
bed,3
hot,3
lie,3
dog,3
cup,3
box,3
lay,3
sex,3
act,3
ten,3
gun,3
leg,3
fly,3
bit,3
sea,3
bar,3
bag,3
gas,3
Mrs,3
nor,3
key,3
sky,3
fan,3
ice,3
sun,3
ear,3
fit,3
cry,3
egg,3
hey,3
bus,3
tie,3
map,3
nod,3
dry,3
fat,3
lip,3
mom,3
aid,3
mix,3
cat,3
due,3
dad,3
fee,3
row,3
fix,3
era,3
fun,3
tip,3
aim,3
Jew,3
hat,3
gay,3
lab,3
sir,3
gap,3
sad,3
tea,3
cop,3
pot,3
cap,3
toy,3
dig,3
wet,3
pan,3
CEO,3
pop,3
mad,3
via,3
hip,3
bet,3
odd,3
raw,3
joy,3
DNA,3
tap,3
rub,3
net,3
ill,3
owe,3
ski,3
rid,3
cow,3
etc,3
sue,3
jet,3
God,3
nut,3
ban,3
pet,3
sin,3
pie,3
lap,3
toe,3
log,3
beg,3
pig,3
van,3
bay,3
rat,3
hay,3
rip,3
pen,3
mud,3
pad,3
bat,3
wow,3
sum,3
pit,3
hug,3
gym,3
huh,3
kit,3
pro,3
bid,3
jaw,3
bow,3
bug,3
ass,3
cab,3
web,3
bee,3
jar,3
gut,3
pin,3
dam,3
shy,3
oak,3
tag,3
dot,3
dip,3
pat,3
rib,3
rod,3
ash,3
rim,3
lid,3
fur,3
opt,3
ego,3
spy,3
cue,3
fog,3
